Make,Model,Year,Odometer(distance travelled),Latitude(location),Longitude(location),Back left(Tire pressure),Back right(tire pressure),front left(Tire pressure),front right(tire pressure),Range (KM),EV battery( percentage remaining),Capacity,Plugged In,Charge State
,,,,,,,,,,,,,,
,,,,,,,,,,,,,,
,,,,,,,,,,,,,,
,,,,,,,,,,,,,,
,,,,,,,,,,,,,,
,,,,,,,,,,,,,,
,,,,,,,,,,,,,,
,,,,,,,,,,,,,,
,,,,,,,,,,,,,,
,,,,,,,,,,,,,,
,,,,,,,,,,,,,,
,,,,,,,,,,,,,,
,,,,,,,,,,,,,,
,,,,,,,,,,,,,,
,,,,,,,,,,,,,,
,,,,,,,,,,,,,,
,,,,,,,,,,,,,,
,,,,,,,,,,,,,,
,,,,,,,,,,,,,,
TESLA,S,2016,55007.87891,37.65359879,-122.4082031,219.3000031,219.3000031,219.3000031,219.3000031,311.6,0.97,100,FALSE,NOT_CHARGING
,,,,,,,,,,,,,,
TESLA,S,2016,55010.03125,37.65359879,-122.4082031,219.3000031,219.3000031,219.3000031,219.3000031,309.5,0.97,100,FALSE,NOT_CHARGING
,,,,,,,,,,,,,,
TESLA,S,2016,55011.46875,37.65359879,-122.4082031,219.3000031,219.3000031,219.3000031,219.3000031,308.8,0.97,100,FALSE,NOT_CHARGING
,,,,,,,,,,,,,,
TESLA,S,2016,55012.89844,37.65359879,-122.4082031,219.3000031,219.3000031,219.3000031,219.3000031,307.4,0.96,100,FALSE,NOT_CHARGING
,,,,,,,,,,,,,,
TESLA,S,2016,55013.62109,37.65359879,-122.4082031,219.3000031,219.3000031,219.3000031,219.3000031,306,0.96,100,FALSE,NOT_CHARGING
,,,,,,,,,,,,,,
TESLA,S,2016,55015.05078,37.65359879,-122.4082031,219.3000031,219.3000031,219.3000031,219.3000031,304.6,0.95,100,FALSE,NOT_CHARGING
,,,,,,,,,,,,,,
TESLA,S,2016,55016.48047,37.65359879,-122.4082031,219.3000031,219.3000031,219.3000031,219.3000031,303.2,0.95,100,FALSE,NOT_CHARGING
,,,,,,,,,,,,,,
TESLA,S,2016,55017.92188,37.65359879,-122.4082031,219.3000031,219.3000031,219.3000031,219.3000031,301.8,0.94,100,FALSE,NOT_CHARGING
,,,,,,,,,,,,,,
TESLA,S,2016,55019.35156,37.65359879,-122.4082031,219.3000031,219.3000031,219.3000031,219.3000031,301.1,0.94,100,FALSE,NOT_CHARGING
,,,,,,,,,,,,,,
TESLA,S,2016,55020.78125,37.65359879,-122.4082031,219.3000031,219.3000031,219.3000031,219.3000031,299.7,0.94,100,FALSE,NOT_CHARGING
,,,,,,,,,,,,,,
TESLA,S,2016,55021.5,37.65359879,-122.4082031,219.3000031,219.3000031,219.3000031,219.3000031,298.3,0.93,100,FALSE,NOT_CHARGING
,,,,,,,,,,,,,,
TESLA,S,2016,55022.92969,37.65359879,-122.4082031,219.3000031,219.3000031,219.3000031,219.3000031,296.9,0.93,100,FALSE,NOT_CHARGING
,,,,,,,,,,,,,,
TESLA,S,2016,55024.37109,37.65359879,-122.4082031,219.3000031,219.3000031,219.3000031,219.3000031,295.5,0.92,100,FALSE,NOT_CHARGING
,,,,,,,,,,,,,,
TESLA,S,2016,55025.80078,37.65359879,-122.4082031,219.3000031,219.3000031,219.3000031,219.3000031,294.8,0.92,100,FALSE,NOT_CHARGING
,,,,,,,,,,,,,,
TESLA,S,2016,55027.23047,37.65359879,-122.4082031,219.3000031,219.3000031,219.3000031,219.3000031,293.4,0.92,100,FALSE,NOT_CHARGING
,,,,,,,,,,,,,,
TESLA,S,2016,55033.67969,37.65359879,-122.4082031,219.3000031,219.3000031,219.3000031,219.3000031,287.1,0.9,100,FALSE,NOT_CHARGING
,,,,,,,,,,,,,,
TESLA,S,2016,55034.39844,37.65359879,-122.4082031,219.3000031,219.3000031,219.3000031,219.3000031,285.7,0.89,100,FALSE,NOT_CHARGING
,,,,,,,,,,,,,,
TESLA,S,2016,55035.82813,37.65359879,-122.4082031,219.3000031,219.3000031,219.3000031,219.3000031,284.3,0.89,100,FALSE,NOT_CHARGING
,,,,,,,,,,,,,,
TESLA,S,2016,55042.28125,37.65359879,-122.4082031,219.3000031,219.3000031,219.3000031,219.3000031,278,0.87,100,FALSE,NOT_CHARGING
,,,,,,,,,,,,,,
TESLA,S,2016,55043,37.41949844,-122.0929031,219.3000031,219.3000031,219.3000031,219.3000031,278,0.87,100,FALSE,NOT_CHARGING
,,,,,,,,,,,,,,
TESLA,S,2016,55043,37.41949844,-122.0929031,219.3000031,219.3000031,219.3000031,219.3000031,278,0.87,100,FALSE,NOT_CHARGING
,,,,,,,,,,,,,,
TESLA,S,2016,55043,37.41949844,-122.0929031,219.3000031,219.3000031,219.3000031,219.3000031,278,0.87,100,FALSE,NOT_CHARGING
,,,,,,,,,,,,,,
TESLA,S,2016,55043,37.41949844,-122.0929031,219.3000031,219.3000031,219.3000031,219.3000031,278,0.87,100,FALSE,NOT_CHARGING
,,,,,,,,,,,,,,
TESLA,S,2016,55043,37.41949844,-122.0929031,219.3000031,219.3000031,219.3000031,219.3000031,278,0.87,100,FALSE,NOT_CHARGING
,,,,,,,,,,,,,,
TESLA,S,2016,55043,37.41949844,-122.0929031,219.3000031,219.3000031,219.3000031,219.3000031,278,0.87,100,FALSE,NOT_CHARGING
,,,,,,,,,,,,,,
TESLA,S,2016,55043,37.41949844,-122.0929031,219.3000031,219.3000031,219.3000031,219.3000031,278,0.87,100,FALSE,NOT_CHARGING
,,,,,,,,,,,,,,
TESLA,S,2016,55043,37.41949844,-122.0929031,219.3000031,219.3000031,219.3000031,219.3000031,278,0.87,100,FALSE,NOT_CHARGING
,,,,,,,,,,,,,,
TESLA,S,2016,55043,37.41949844,-122.0929031,219.3000031,219.3000031,219.3000031,219.3000031,278,0.87,100,FALSE,NOT_CHARGING
,,,,,,,,,,,,,,
TESLA,S,2016,55043,37.41949844,-122.0929031,219.3000031,219.3000031,219.3000031,219.3000031,278,0.87,100,FALSE,NOT_CHARGING
,,,,,,,,,,,,,,
CHEVROLET,Bolt EV,2023,55030,37.81010056,-122.4250031,219.3000031,219.3000031,219.3000031,219.3000031,288.5,0.9,100,FALSE,NOT_CHARGING
,,,,,,,,,,,,,,
CHEVROLET,Bolt EV,2023,55033,37.81010056,-122.4250031,219.3000031,219.3000031,219.3000031,219.3000031,285.5,0.89,100,FALSE,NOT_CHARGING
,,,,,,,,,,,,,,
CHEVROLET,Bolt EV,2023,55036,37.81010056,-122.4250031,219.3000031,219.3000031,219.3000031,219.3000031,284,0.89,100,FALSE,NOT_CHARGING
,,,,,,,,,,,,,,
CHEVROLET,Bolt EV,2023,55037.5,37.81010056,-122.4250031,219.3000031,219.3000031,219.3000031,219.3000031,281,0.88,100,FALSE,NOT_CHARGING
,,,,,,,,,,,,,,
CHEVROLET,Bolt EV,2023,55040.5,37.81010056,-122.4250031,219.3000031,219.3000031,219.3000031,219.3000031,278,0.87,100,FALSE,NOT_CHARGING
,,,,,,,,,,,,,,
CHEVROLET,Bolt EV,2023,55043.5,37.81010056,-122.4250031,219.3000031,219.3000031,219.3000031,219.3000031,275,0.86,100,FALSE,NOT_CHARGING
,,,,,,,,,,,,,,
CHEVROLET,Bolt EV,2023,55046.5,37.81010056,-122.4250031,219.3000031,219.3000031,219.3000031,219.3000031,273.5,0.86,100,FALSE,NOT_CHARGING
,,,,,,,,,,,,,,
CHEVROLET,Bolt EV,2023,55049.5,37.81010056,-122.4250031,219.3000031,219.3000031,219.3000031,219.3000031,270.5,0.85,100,FALSE,NOT_CHARGING
,,,,,,,,,,,,,,
CHEVROLET,Bolt EV,2023,55051,37.81010056,-122.4250031,219.3000031,219.3000031,219.3000031,219.3000031,267.5,0.84,100,FALSE,NOT_CHARGING
,,,,,,,,,,,,,,
CHEVROLET,Bolt EV,2023,55054,37.81010056,-122.4250031,219.3000031,219.3000031,219.3000031,219.3000031,264.5,0.83,100,FALSE,NOT_CHARGING
,,,,,,,,,,,,,,
CHEVROLET,Bolt EV,2023,55057,37.81010056,-122.4250031,219.3000031,219.3000031,219.3000031,219.3000031,261.5,0.82,100,FALSE,NOT_CHARGING
,,,,,,,,,,,,,,
CHEVROLET,Bolt EV,2023,55060,37.81010056,-122.4250031,219.3000031,219.3000031,219.3000031,219.3000031,258.5,0.81,100,FALSE,NOT_CHARGING
,,,,,,,,,,,,,,
CHEVROLET,Bolt EV,2023,55063,37.81010056,-122.4250031,219.3000031,219.3000031,219.3000031,219.3000031,257,0.8,100,FALSE,NOT_CHARGING
,,,,,,,,,,,,,,
CHEVROLET,Bolt EV,2023,55064.5,37.81010056,-122.4250031,219.3000031,219.3000031,219.3000031,219.3000031,254,0.79,100,FALSE,NOT_CHARGING
,,,,,,,,,,,,,,
CHEVROLET,Bolt EV,2023,55067.5,37.81010056,-122.4250031,219.3000031,219.3000031,219.3000031,219.3000031,251,0.79,100,FALSE,NOT_CHARGING
,,,,,,,,,,,,,,
CHEVROLET,Bolt EV,2023,55070.5,37.81010056,-122.4250031,219.3000031,219.3000031,219.3000031,219.3000031,248,0.78,100,FALSE,NOT_CHARGING
,,,,,,,,,,,,,,
CHEVROLET,Bolt EV,2023,55073.5,37.81010056,-122.4250031,219.3000031,219.3000031,219.3000031,219.3000031,246.5,0.77,100,FALSE,NOT_CHARGING
,,,,,,,,,,,,,,
CHEVROLET,Bolt EV,2023,55084,37.81010056,-122.4250031,219.3000031,219.3000031,219.3000031,219.3000031,234.5,0.73,100,FALSE,NOT_CHARGING
,,,,,,,,,,,,,,
CHEVROLET,Bolt EV,2023,55103.5,37.81010056,-122.4250031,219.3000031,219.3000031,219.3000031,219.3000031,215,0.67,100,FALSE,NOT_CHARGING
,,,,,,,,,,,,,,
CHEVROLET,Bolt EV,2023,55106.5,37.81010056,-122.4250031,219.3000031,219.3000031,219.3000031,219.3000031,212,0.66,100,FALSE,NOT_CHARGING
,,,,,,,,,,,,,,
CHEVROLET,Bolt EV,2023,55109.5,37.81010056,-122.4250031,219.3000031,219.3000031,219.3000031,219.3000031,209,0.65,100,FALSE,NOT_CHARGING
,,,,,,,,,,,,,,
CHEVROLET,Bolt EV,2023,55112.5,37.81010056,-122.4250031,219.3000031,219.3000031,219.3000031,219.3000031,206,0.65,100,FALSE,NOT_CHARGING
,,,,,,,,,,,,,,
CHEVROLET,Bolt EV,2023,55115.5,37.81010056,-122.4250031,219.3000031,219.3000031,219.3000031,219.3000031,204.5,0.64,100,FALSE,NOT_CHARGING
,,,,,,,,,,,,,,
CHEVROLET,Bolt EV,2023,55118.5,37.81010056,-122.4250031,219.3000031,219.3000031,219.3000031,219.3000031,201.5,0.63,100,FALSE,NOT_CHARGING
,,,,,,,,,,,,,,
CHEVROLET,Bolt EV,2023,55150,37.81010056,-122.4250031,219.3000031,219.3000031,219.3000031,219.3000031,168.5,0.53,100,FALSE,NOT_CHARGING
,,,,,,,,,,,,,,
CHEVROLET,Bolt EV,2023,55163.5,37.81010056,-122.4250031,219.3000031,219.3000031,219.3000031,219.3000031,155,0.49,100,FALSE,NOT_CHARGING
,,,,,,,,,,,,,,
CHEVROLET,Bolt EV,2023,55166.5,37.81010056,-122.4250031,219.3000031,219.3000031,219.3000031,219.3000031,152,0.48,100,FALSE,NOT_CHARGING
,,,,,,,,,,,,,,
CHEVROLET,Bolt EV,2023,55169.5,37.81010056,-122.4250031,219.3000031,219.3000031,219.3000031,219.3000031,149,0.47,100,FALSE,NOT_CHARGING
,,,,,,,,,,,,,,
CHEVROLET,Bolt EV,2023,55186,37.81010056,-122.4250031,219.3000031,219.3000031,219.3000031,219.3000031,134,0.42,100,FALSE,NOT_CHARGING
,,,,,,,,,,,,,,
CHEVROLET,Bolt EV,2023,55189,37.81010056,-122.4250031,219.3000031,219.3000031,219.3000031,219.3000031,131,0.41,100,FALSE,NOT_CHARGING
,,,,,,,,,,,,,,
CHEVROLET,Bolt EV,2023,55195,37.81010056,-122.4250031,219.3000031,219.3000031,219.3000031,219.3000031,123.5,0.39,100,FALSE,NOT_CHARGING
,,,,,,,,,,,,,,
CHEVROLET,Bolt EV,2023,55217.5,37.81010056,-122.4250031,219.3000031,219.3000031,219.3000031,219.3000031,102.5,0.32,100,FALSE,NOT_CHARGING
,,,,,,,,,,,,,,
CHEVROLET,Bolt EV,2023,55220.5,37.81010056,-122.4250031,219.3000031,219.3000031,219.3000031,219.3000031,99.5,0.31,100,FALSE,NOT_CHARGING
,,,,,,,,,,,,,,
CHEVROLET,Bolt EV,2023,55222,37.81010056,-122.4250031,219.3000031,219.3000031,219.3000031,219.3000031,96.5,0.3,100,FALSE,NOT_CHARGING
,,,,,,,,,,,,,,
CHEVROLET,Bolt EV,2023,55225,37.81010056,-122.4250031,219.3000031,219.3000031,219.3000031,219.3000031,93.5,0.3,100,FALSE,NOT_CHARGING
,,,,,,,,,,,,,,
CHEVROLET,Bolt EV,2023,55228,37.81010056,-122.4250031,219.3000031,219.3000031,219.3000031,219.3000031,90.5,0.29,100,FALSE,NOT_CHARGING
,,,,,,,,,,,,,,
CHEVROLET,Bolt EV,2023,55231,37.81010056,-122.4250031,219.3000031,219.3000031,219.3000031,219.3000031,89,0.28,100,FALSE,NOT_CHARGING
,,,,,,,,,,,,,,
CHEVROLET,Bolt EV,2023,55234,37.81010056,-122.4250031,219.3000031,219.3000031,219.3000031,219.3000031,86,0.27,100,FALSE,NOT_CHARGING
,,,,,,,,,,,,,,
CHEVROLET,Bolt EV,2023,55235.5,37.81010056,-122.4250031,219.3000031,219.3000031,219.3000031,219.3000031,83,0.26,100,FALSE,NOT_CHARGING
,,,,,,,,,,,,,,
CHEVROLET,Bolt EV,2023,55238.5,37.81010056,-122.4250031,219.3000031,219.3000031,219.3000031,219.3000031,80,0.25,100,FALSE,NOT_CHARGING
,,,,,,,,,,,,,,
CHEVROLET,Bolt EV,2023,55241.5,37.81010056,-122.4250031,219.3000031,219.3000031,219.3000031,219.3000031,77,0.24,100,FALSE,NOT_CHARGING
,,,,,,,,,,,,,,
CHEVROLET,Bolt EV,2023,55252,37.81010056,-122.4250031,219.3000031,219.3000031,219.3000031,219.3000031,68,0.22,100,FALSE,NOT_CHARGING
,,,,,,,,,,,,,,
CHEVROLET,Bolt EV,2023,55262.5,37.81010056,-122.4250031,219.3000031,219.3000031,219.3000031,219.3000031,57.5,0.18,100,FALSE,NOT_CHARGING
,,,,,,,,,,,,,,
CHEVROLET,Bolt EV,2023,55262.5,37.81010056,-122.4250031,219.3000031,219.3000031,219.3000031,219.3000031,57.5,0.18,100,TRUE,CHARGING
,,,,,,,,,,,,,,
CHEVROLET,Bolt EV,2023,55315,39.20100021,-120.2388992,219.3000031,219.3000031,219.3000031,219.3000031,5.9,0.02,100,TRUE,CHARGING
,,,,,,,,,,,,,,
CHEVROLET,Bolt EV,2023,55315,39.20100021,-120.2388992,219.3000031,219.3000031,219.3000031,219.3000031,7.6,0.03,100,TRUE,CHARGING
,,,,,,,,,,,,,,
CHEVROLET,Bolt EV,2023,55315,39.20100021,-120.2388992,219.3000031,219.3000031,219.3000031,219.3000031,9.4,0.03,100,TRUE,CHARGING
,,,,,,,,,,,,,,
CHEVROLET,Bolt EV,2023,55315,39.20100021,-120.2388992,219.3000031,219.3000031,219.3000031,219.3000031,10.3,0.04,100,TRUE,CHARGING
,,,,,,,,,,,,,,
CHEVROLET,Bolt EV,2023,55315,39.20100021,-120.2388992,219.3000031,219.3000031,219.3000031,219.3000031,12,0.04,100,TRUE,CHARGING
,,,,,,,,,,,,,,
CHEVROLET,Bolt EV,2023,55315,39.20100021,-120.2388992,219.3000031,219.3000031,219.3000031,219.3000031,13.8,0.05,100,TRUE,CHARGING
,,,,,,,,,,,,,,
CHEVROLET,Bolt EV,2023,55315,39.20100021,-120.2388992,219.3000031,219.3000031,219.3000031,219.3000031,15.5,0.05,100,TRUE,CHARGING
,,,,,,,,,,,,,,
CHEVROLET,Bolt EV,2023,55315,39.20100021,-120.2388992,219.3000031,219.3000031,219.3000031,219.3000031,17.3,0.06,100,TRUE,CHARGING
,,,,,,,,,,,,,,
CHEVROLET,Bolt EV,2023,55315,39.20100021,-120.2388992,219.3000031,219.3000031,219.3000031,219.3000031,19,0.06,100,TRUE,CHARGING
,,,,,,,,,,,,,,
CHEVROLET,Bolt EV,2023,55315,39.20100021,-120.2388992,219.3000031,219.3000031,219.3000031,219.3000031,20.8,0.07,100,TRUE,CHARGING
,,,,,,,,,,,,,,
CHEVROLET,Bolt EV,2023,55315,39.20100021,-120.2388992,219.3000031,219.3000031,219.3000031,219.3000031,38.3,0.12,100,TRUE,CHARGING
,,,,,,,,,,,,,,
CHEVROLET,Bolt EV,2023,55315,39.20100021,-120.2388992,219.3000031,219.3000031,219.3000031,219.3000031,40,0.13,100,TRUE,CHARGING
,,,,,,,,,,,,,,
CHEVROLET,Bolt EV,2023,55315,39.20100021,-120.2388992,219.3000031,219.3000031,219.3000031,219.3000031,41.8,0.13,100,TRUE,CHARGING
,,,,,,,,,,,,,,
CHEVROLET,Bolt EV,2023,55315,39.20100021,-120.2388992,219.3000031,219.3000031,219.3000031,219.3000031,52.3,0.17,100,TRUE,CHARGING
,,,,,,,,,,,,,,
CHEVROLET,Bolt EV,2023,55315,39.20100021,-120.2388992,219.3000031,219.3000031,219.3000031,219.3000031,54.9,0.18,100,TRUE,CHARGING
,,,,,,,,,,,,,,
CHEVROLET,Bolt EV,2023,55315,39.20100021,-120.2388992,219.3000031,219.3000031,219.3000031,219.3000031,55.8,0.18,100,TRUE,CHARGING
,,,,,,,,,,,,,,
CHEVROLET,Bolt EV,2023,55315,39.20100021,-120.2388992,219.3000031,219.3000031,219.3000031,219.3000031,57.5,0.18,100,TRUE,CHARGING
,,,,,,,,,,,,,,
CHEVROLET,Bolt EV,2023,55315,39.20100021,-120.2388992,219.3000031,219.3000031,219.3000031,219.3000031,65.4,0.21,100,TRUE,CHARGING
,,,,,,,,,,,,,,
CHEVROLET,Bolt EV,2023,55315,39.20100021,-120.2388992,219.3000031,219.3000031,219.3000031,219.3000031,75.9,0.24,100,TRUE,CHARGING
,,,,,,,,,,,,,,
CHEVROLET,Bolt EV,2023,55315,39.20100021,-120.2388992,219.3000031,219.3000031,219.3000031,219.3000031,76.8,0.24,100,TRUE,CHARGING
,,,,,,,,,,,,,,
CHEVROLET,Bolt EV,2023,55315,39.20100021,-120.2388992,219.3000031,219.3000031,219.3000031,219.3000031,88.1,0.28,100,TRUE,CHARGING
,,,,,,,,,,,,,,
CHEVROLET,Bolt EV,2023,55315,39.20100021,-120.2388992,219.3000031,219.3000031,219.3000031,219.3000031,89.9,0.28,100,TRUE,CHARGING
,,,,,,,,,,,,,,
CHEVROLET,Bolt EV,2023,55315,39.20100021,-120.2388992,219.3000031,219.3000031,219.3000031,219.3000031,90.8,0.29,100,TRUE,CHARGING
,,,,,,,,,,,,,,
CHEVROLET,Bolt EV,2023,55315,39.20100021,-120.2388992,219.3000031,219.3000031,219.3000031,219.3000031,92.5,0.29,100,TRUE,CHARGING
,,,,,,,,,,,,,,
CHEVROLET,Bolt EV,2023,55315,39.20100021,-120.2388992,219.3000031,219.3000031,219.3000031,219.3000031,94.3,0.3,100,TRUE,CHARGING
,,,,,,,,,,,,,,
CHEVROLET,Bolt EV,2023,55315,39.20100021,-120.2388992,219.3000031,219.3000031,219.3000031,219.3000031,96,0.3,100,TRUE,CHARGING
,,,,,,,,,,,,,,
CHEVROLET,Bolt EV,2023,55315,39.20100021,-120.2388992,219.3000031,219.3000031,219.3000031,219.3000031,97.8,0.31,100,TRUE,CHARGING
,,,,,,,,,,,,,,
CHEVROLET,Bolt EV,2023,55315,39.20100021,-120.2388992,219.3000031,219.3000031,219.3000031,219.3000031,99.5,0.31,100,TRUE,CHARGING
,,,,,,,,,,,,,,
CHEVROLET,Bolt EV,2023,55315,39.20100021,-120.2388992,219.3000031,219.3000031,219.3000031,219.3000031,100.4,0.32,100,TRUE,CHARGING
,,,,,,,,,,,,,,
CHEVROLET,Bolt EV,2023,55315,39.20100021,-120.2388992,219.3000031,219.3000031,219.3000031,219.3000031,102.1,0.32,100,TRUE,CHARGING
,,,,,,,,,,,,,,
CHEVROLET,Bolt EV,2023,55315,39.20100021,-120.2388992,219.3000031,219.3000031,219.3000031,219.3000031,103.9,0.33,100,TRUE,CHARGING
,,,,,,,,,,,,,,
CHEVROLET,Bolt EV,2023,55315,39.20100021,-120.2388992,219.3000031,219.3000031,219.3000031,219.3000031,105.6,0.33,100,TRUE,CHARGING
,,,,,,,,,,,,,,
CHEVROLET,Bolt EV,2023,55315,39.20100021,-120.2388992,219.3000031,219.3000031,219.3000031,219.3000031,117.9,0.37,100,TRUE,CHARGING
,,,,,,,,,,,,,,
CHEVROLET,Bolt EV,2023,55315,39.20100021,-120.2388992,219.3000031,219.3000031,219.3000031,219.3000031,119.6,0.38,100,TRUE,CHARGING
,,,,,,,,,,,,,,
CHEVROLET,Bolt EV,2023,55315,39.20100021,-120.2388992,219.3000031,219.3000031,219.3000031,219.3000031,121.4,0.38,100,TRUE,CHARGING
,,,,,,,,,,,,,,
CHEVROLET,Bolt EV,2023,55315,39.20100021,-120.2388992,219.3000031,219.3000031,219.3000031,219.3000031,123.1,0.39,100,TRUE,CHARGING
,,,,,,,,,,,,,,
CHEVROLET,Bolt EV,2023,55315,39.20100021,-120.2388992,219.3000031,219.3000031,219.3000031,219.3000031,124,0.39,100,TRUE,CHARGING
,,,,,,,,,,,,,,
CHEVROLET,Bolt EV,2023,55315,39.20100021,-120.2388992,219.3000031,219.3000031,219.3000031,219.3000031,125.8,0.4,100,TRUE,CHARGING
,,,,,,,,,,,,,,
CHEVROLET,Bolt EV,2023,55315,39.20100021,-120.2388992,219.3000031,219.3000031,219.3000031,219.3000031,127.5,0.4,100,TRUE,CHARGING
,,,,,,,,,,,,,,
CHEVROLET,Bolt EV,2023,55315,39.20100021,-120.2388992,219.3000031,219.3000031,219.3000031,219.3000031,129.3,0.41,100,TRUE,CHARGING
,,,,,,,,,,,,,,
CHEVROLET,Bolt EV,2023,55315,39.20100021,-120.2388992,219.3000031,219.3000031,219.3000031,219.3000031,130.1,0.41,100,TRUE,CHARGING
,,,,,,,,,,,,,,
CHEVROLET,Bolt EV,2023,55315,39.20100021,-120.2388992,219.3000031,219.3000031,219.3000031,219.3000031,131.9,0.41,100,TRUE,CHARGING
,,,,,,,,,,,,,,
CHEVROLET,Bolt EV,2023,55315,39.20100021,-120.2388992,219.3000031,219.3000031,219.3000031,219.3000031,133.6,0.42,100,TRUE,CHARGING
,,,,,,,,,,,,,,
CHEVROLET,Bolt EV,2023,55315,39.20100021,-120.2388992,219.3000031,219.3000031,219.3000031,219.3000031,135.4,0.43,100,TRUE,CHARGING
,,,,,,,,,,,,,,
CHEVROLET,Bolt EV,2023,55315,39.20100021,-120.2388992,219.3000031,219.3000031,219.3000031,219.3000031,136.3,0.43,100,TRUE,CHARGING
,,,,,,,,,,,,,,
CHEVROLET,Bolt EV,2023,55315,39.20100021,-120.2388992,219.3000031,219.3000031,219.3000031,219.3000031,138,0.43,100,TRUE,CHARGING
,,,,,,,,,,,,,,
CHEVROLET,Bolt EV,2023,55315,39.20100021,-120.2388992,219.3000031,219.3000031,219.3000031,219.3000031,139.8,0.44,100,TRUE,CHARGING
,,,,,,,,,,,,,,
CHEVROLET,Bolt EV,2023,55315,39.20100021,-120.2388992,219.3000031,219.3000031,219.3000031,219.3000031,141.5,0.44,100,TRUE,CHARGING
,,,,,,,,,,,,,,
CHEVROLET,Bolt EV,2023,55315,39.20100021,-120.2388992,219.3000031,219.3000031,219.3000031,219.3000031,143.3,0.45,100,TRUE,CHARGING
,,,,,,,,,,,,,,
CHEVROLET,Bolt EV,2023,55315,39.20100021,-120.2388992,219.3000031,219.3000031,219.3000031,219.3000031,145.9,0.46,100,TRUE,CHARGING
,,,,,,,,,,,,,,
CHEVROLET,Bolt EV,2023,55315,39.20100021,-120.2388992,219.3000031,219.3000031,219.3000031,219.3000031,145.9,0.46,100,TRUE,CHARGING
,,,,,,,,,,,,,,
CHEVROLET,Bolt EV,2023,55315,39.20100021,-120.2388992,219.3000031,219.3000031,219.3000031,219.3000031,145.9,0.46,100,TRUE,CHARGING
,,,,,,,,,,,,,,
CHEVROLET,Bolt EV,2023,55315,39.20100021,-120.2388992,219.3000031,219.3000031,219.3000031,219.3000031,145.9,0.46,100,TRUE,CHARGING
,,,,,,,,,,,,,,
CHEVROLET,Bolt EV,2023,55315,39.20100021,-120.2388992,219.3000031,219.3000031,219.3000031,219.3000031,149.4,0.47,100,TRUE,CHARGING
,,,,,,,,,,,,,,
CHEVROLET,Bolt EV,2023,55315,39.20100021,-120.2388992,219.3000031,219.3000031,219.3000031,219.3000031,170.4,0.53,100,TRUE,CHARGING
,,,,,,,,,,,,,,
CHEVROLET,Bolt EV,2023,55315,39.20100021,-120.2388992,219.3000031,219.3000031,219.3000031,219.3000031,172.1,0.54,100,TRUE,CHARGING
,,,,,,,,,,,,,,
CHEVROLET,Bolt EV,2023,55315,39.20100021,-120.2388992,219.3000031,219.3000031,219.3000031,219.3000031,173.9,0.55,100,TRUE,CHARGING
,,,,,,,,,,,,,,
CHEVROLET,Bolt EV,2023,55315,39.20100021,-120.2388992,219.3000031,219.3000031,219.3000031,219.3000031,175.6,0.55,100,TRUE,CHARGING
,,,,,,,,,,,,,,
CHEVROLET,Bolt EV,2023,55315,39.20100021,-120.2388992,219.3000031,219.3000031,219.3000031,219.3000031,177.4,0.56,100,TRUE,CHARGING
,,,,,,,,,,,,,,
CHEVROLET,Bolt EV,2023,55315,39.20100021,-120.2388992,219.3000031,219.3000031,219.3000031,219.3000031,179.1,0.56,100,TRUE,CHARGING
,,,,,,,,,,,,,,
CHEVROLET,Bolt EV,2023,55315,39.20100021,-120.2388992,219.3000031,219.3000031,219.3000031,219.3000031,180.9,0.57,100,TRUE,CHARGING
,,,,,,,,,,,,,,
CHEVROLET,Bolt EV,2023,55315,39.20100021,-120.2388992,219.3000031,219.3000031,219.3000031,219.3000031,182.6,0.57,100,TRUE,CHARGING
,,,,,,,,,,,,,,
CHEVROLET,Bolt EV,2023,55315,39.20100021,-120.2388992,219.3000031,219.3000031,219.3000031,219.3000031,184.4,0.58,100,TRUE,CHARGING
,,,,,,,,,,,,,,
CHEVROLET,Bolt EV,2023,55315,39.20100021,-120.2388992,219.3000031,219.3000031,219.3000031,219.3000031,187,0.59,100,TRUE,CHARGING
,,,,,,,,,,,,,,
CHEVROLET,Bolt EV,2023,55315,39.20100021,-120.2388992,219.3000031,219.3000031,219.3000031,219.3000031,188.8,0.59,100,TRUE,CHARGING
,,,,,,,,,,,,,,
CHEVROLET,Bolt EV,2023,55315,39.20100021,-120.2388992,219.3000031,219.3000031,219.3000031,219.3000031,190.5,0.6,100,TRUE,CHARGING
,,,,,,,,,,,,,,
CHEVROLET,Bolt EV,2023,55315,39.20100021,-120.2388992,219.3000031,219.3000031,219.3000031,219.3000031,192.3,0.6,100,TRUE,CHARGING
,,,,,,,,,,,,,,
CHEVROLET,Bolt EV,2023,55315,39.20100021,-120.2388992,219.3000031,219.3000031,219.3000031,219.3000031,194,0.61,100,TRUE,CHARGING
,,,,,,,,,,,,,,
CHEVROLET,Bolt EV,2023,55315,39.20100021,-120.2388992,219.3000031,219.3000031,219.3000031,219.3000031,195.8,0.61,100,TRUE,CHARGING
,,,,,,,,,,,,,,
CHEVROLET,Bolt EV,2023,55315,39.20100021,-120.2388992,219.3000031,219.3000031,219.3000031,219.3000031,197.5,0.62,100,TRUE,CHARGING
,,,,,,,,,,,,,,
CHEVROLET,Bolt EV,2023,55315,39.20100021,-120.2388992,219.3000031,219.3000031,219.3000031,219.3000031,199.3,0.62,100,TRUE,CHARGING
,,,,,,,,,,,,,,
CHEVROLET,Bolt EV,2023,55352.5,39.20100021,-120.2388992,219.3000031,219.3000031,219.3000031,219.3000031,282.5,0.88,100,FALSE,NOT_CHARGING
,,,,,,,,,,,,,,
CHEVROLET,Bolt EV,2023,55354,39.20100021,-120.2388992,219.3000031,219.3000031,219.3000031,219.3000031,279.5,0.87,100,FALSE,NOT_CHARGING
,,,,,,,,,,,,,,
CHEVROLET,Bolt EV,2023,55357,39.20100021,-120.2388992,219.3000031,219.3000031,219.3000031,219.3000031,276.5,0.86,100,FALSE,NOT_CHARGING
,,,,,,,,,,,,,,
CHEVROLET,Bolt EV,2023,55360,39.20100021,-120.2388992,219.3000031,219.3000031,219.3000031,219.3000031,273.5,0.86,100,FALSE,NOT_CHARGING
,,,,,,,,,,,,,,
CHEVROLET,Bolt EV,2023,55363,39.20100021,-120.2388992,219.3000031,219.3000031,219.3000031,219.3000031,272,0.85,100,FALSE,NOT_CHARGING
,,,,,,,,,,,,,,
CHEVROLET,Bolt EV,2023,55364.5,39.20100021,-120.2388992,219.3000031,219.3000031,219.3000031,219.3000031,269,0.84,100,FALSE,NOT_CHARGING
,,,,,,,,,,,,,,
CHEVROLET,Bolt EV,2023,55367.5,39.20100021,-120.2388992,219.3000031,219.3000031,219.3000031,219.3000031,266,0.83,100,FALSE,NOT_CHARGING
,,,,,,,,,,,,,,
CHEVROLET,Bolt EV,2023,55370.5,39.20100021,-120.2388992,219.3000031,219.3000031,219.3000031,219.3000031,263,0.82,100,FALSE,NOT_CHARGING
,,,,,,,,,,,,,,
CHEVROLET,Bolt EV,2023,55373.5,39.20100021,-120.2388992,219.3000031,219.3000031,219.3000031,219.3000031,261.5,0.82,100,FALSE,NOT_CHARGING
,,,,,,,,,,,,,,
CHEVROLET,Bolt EV,2023,55376.5,39.20100021,-120.2388992,219.3000031,219.3000031,219.3000031,219.3000031,258.5,0.81,100,FALSE,NOT_CHARGING
,,,,,,,,,,,,,,
CHEVROLET,Bolt EV,2023,55393,39.20100021,-120.2388992,219.3000031,219.3000031,219.3000031,219.3000031,242,0.76,100,FALSE,NOT_CHARGING
,,,,,,,,,,,,,,
CHEVROLET,Bolt EV,2023,55394.5,39.20100021,-120.2388992,219.3000031,219.3000031,219.3000031,219.3000031,239,0.75,100,FALSE,NOT_CHARGING
,,,,,,,,,,,,,,
CHEVROLET,Bolt EV,2023,55397.5,39.20100021,-120.2388992,219.3000031,219.3000031,219.3000031,219.3000031,236,0.74,100,FALSE,NOT_CHARGING
,,,,,,,,,,,,,,
CHEVROLET,Bolt EV,2023,55400.5,39.20100021,-120.2388992,219.3000031,219.3000031,219.3000031,219.3000031,233,0.73,100,FALSE,NOT_CHARGING
,,,,,,,,,,,,,,
CHEVROLET,Bolt EV,2023,55403.5,39.20100021,-120.2388992,219.3000031,219.3000031,219.3000031,219.3000031,230,0.72,100,FALSE,NOT_CHARGING
,,,,,,,,,,,,,,
CHEVROLET,Bolt EV,2023,55406.5,39.20100021,-120.2388992,219.3000031,219.3000031,219.3000031,219.3000031,227,0.71,100,FALSE,NOT_CHARGING
,,,,,,,,,,,,,,
CHEVROLET,Bolt EV,2023,55409.5,39.20100021,-120.2388992,219.3000031,219.3000031,219.3000031,219.3000031,225.5,0.71,100,FALSE,NOT_CHARGING
,,,,,,,,,,,,,,
CHEVROLET,Bolt EV,2023,55411,39.20100021,-120.2388992,219.3000031,219.3000031,219.3000031,219.3000031,222.5,0.7,100,FALSE,NOT_CHARGING
,,,,,,,,,,,,,,
CHEVROLET,Bolt EV,2023,55414,39.20100021,-120.2388992,219.3000031,219.3000031,219.3000031,219.3000031,219.5,0.69,100,FALSE,NOT_CHARGING
,,,,,,,,,,,,,,
CHEVROLET,Bolt EV,2023,55417,39.20100021,-120.2388992,219.3000031,219.3000031,219.3000031,219.3000031,216.5,0.68,100,FALSE,NOT_CHARGING
,,,,,,,,,,,,,,
CHEVROLET,Bolt EV,2023,55579,39.20100021,-120.2388992,219.3000031,219.3000031,219.3000031,219.3000031,54.5,0.17,100,FALSE,NOT_CHARGING
,,,,,,,,,,,,,,
CHEVROLET,Bolt EV,2023,55582,39.20100021,-120.2388992,219.3000031,219.3000031,219.3000031,219.3000031,51.5,0.16,100,FALSE,NOT_CHARGING
,,,,,,,,,,,,,,
CHEVROLET,Bolt EV,2023,55585,39.20100021,-120.2388992,219.3000031,219.3000031,219.3000031,219.3000031,48.5,0.16,100,FALSE,NOT_CHARGING
,,,,,,,,,,,,,,
CHEVROLET,Bolt EV,2023,55588,39.20100021,-120.2388992,219.3000031,219.3000031,219.3000031,219.3000031,47,0.15,100,FALSE,NOT_CHARGING
,,,,,,,,,,,,,,
CHEVROLET,Bolt EV,2023,55591,39.20100021,-120.2388992,219.3000031,219.3000031,219.3000031,219.3000031,44,0.14,100,FALSE,NOT_CHARGING
,,,,,,,,,,,,,,
CHEVROLET,Bolt EV,2023,55592.5,39.20100021,-120.2388992,219.3000031,219.3000031,219.3000031,219.3000031,41,0.13,100,FALSE,NOT_CHARGING
,,,,,,,,,,,,,,
CHEVROLET,Bolt EV,2023,55595.5,39.20100021,-120.2388992,219.3000031,219.3000031,219.3000031,219.3000031,38,0.12,100,FALSE,NOT_CHARGING
,,,,,,,,,,,,,,
CHEVROLET,Bolt EV,2023,55598.5,39.20100021,-120.2388992,219.3000031,219.3000031,219.3000031,219.3000031,35,0.11,100,FALSE,NOT_CHARGING
,,,,,,,,,,,,,,
CHEVROLET,Bolt EV,2023,55601.5,39.20100021,-120.2388992,219.3000031,219.3000031,219.3000031,219.3000031,33.5,0.11,100,FALSE,NOT_CHARGING
,,,,,,,,,,,,,,
CHEVROLET,Bolt EV,2023,55604.5,39.20100021,-120.2388992,219.3000031,219.3000031,219.3000031,219.3000031,30.5,0.1,100,FALSE,NOT_CHARGING
,,,,,,,,,,,,,,
CHEVROLET,Bolt EV,2023,55606,39.20100021,-120.2388992,219.3000031,219.3000031,219.3000031,219.3000031,27.5,0.09,100,FALSE,NOT_CHARGING
,,,,,,,,,,,,,,
CHEVROLET,Bolt EV,2023,55609,39.20100021,-120.2388992,219.3000031,219.3000031,219.3000031,219.3000031,24.5,0.08,100,FALSE,NOT_CHARGING
,,,,,,,,,,,,,,
CHEVROLET,Bolt EV,2023,55612,39.20100021,-120.2388992,219.3000031,219.3000031,219.3000031,219.3000031,21.5,0.07,100,FALSE,NOT_CHARGING
,,,,,,,,,,,,,,
CHEVROLET,Bolt EV,2023,55615,39.20100021,-120.2388992,219.3000031,219.3000031,219.3000031,219.3000031,20,0.07,100,FALSE,NOT_CHARGING
,,,,,,,,,,,,,,
CHEVROLET,Bolt EV,2023,55618,39.20100021,-120.2388992,219.3000031,219.3000031,219.3000031,219.3000031,17,0.06,100,FALSE,NOT_CHARGING
,,,,,,,,,,,,,,
CHEVROLET,Bolt EV,2023,55619.5,39.20100021,-120.2388992,219.3000031,219.3000031,219.3000031,219.3000031,14,0.05,100,FALSE,NOT_CHARGING
,,,,,,,,,,,,,,
CHEVROLET,Bolt EV,2023,55627,37.81010056,-122.4250031,219.3000031,219.3000031,219.3000031,219.3000031,5,0.02,100,TRUE,CHARGING
,,,,,,,,,,,,,,
CHEVROLET,Bolt EV,2023,55630,37.81010056,-122.4250031,219.3000031,219.3000031,219.3000031,219.3000031,5,0.02,100,TRUE,CHARGING
,,,,,,,,,,,,,,
CHEVROLET,Bolt EV,2023,55630,37.81010056,-122.4250031,219.3000031,219.3000031,219.3000031,219.3000031,5,0.02,100,TRUE,CHARGING
,,,,,,,,,,,,,,
CHEVROLET,Bolt EV,2023,55630,37.81010056,-122.4250031,219.3000031,219.3000031,219.3000031,219.3000031,5,0.02,100,TRUE,CHARGING
,,,,,,,,,,,,,,
CHEVROLET,Bolt EV,2023,55630,37.81010056,-122.4250031,219.3000031,219.3000031,219.3000031,219.3000031,5,0.02,100,TRUE,CHARGING
,,,,,,,,,,,,,,
CHEVROLET,Bolt EV,2023,55630,37.81010056,-122.4250031,219.3000031,219.3000031,219.3000031,219.3000031,5,0.02,100,TRUE,CHARGING
,,,,,,,,,,,,,,
CHEVROLET,Bolt EV,2023,55630,37.81010056,-122.4250031,219.3000031,219.3000031,219.3000031,219.3000031,5,0.02,100,TRUE,CHARGING
,,,,,,,,,,,,,,
CHEVROLET,Bolt EV,2023,55630,37.81010056,-122.4250031,219.3000031,219.3000031,219.3000031,219.3000031,5,0.02,100,TRUE,CHARGING
,,,,,,,,,,,,,,
CHEVROLET,Bolt EV,2023,55630,37.81010056,-122.4250031,219.3000031,219.3000031,219.3000031,219.3000031,5,0.02,100,TRUE,CHARGING
,,,,,,,,,,,,,,
CHEVROLET,Bolt EV,2023,55630,37.81010056,-122.4250031,219.3000031,219.3000031,219.3000031,219.3000031,5,0.02,100,TRUE,CHARGING
,,,,,,,,,,,,,,
CHEVROLET,Bolt EV,2023,55630,37.81010056,-122.4250031,219.3000031,219.3000031,219.3000031,219.3000031,5,0.02,100,TRUE,CHARGING
,,,,,,,,,,,,,,
CHEVROLET,Bolt EV,2023,55630,37.81010056,-122.4250031,219.3000031,219.3000031,219.3000031,219.3000031,5,0.02,100,TRUE,CHARGING
,,,,,,,,,,,,,,
CHEVROLET,Bolt EV,2023,55630,37.81010056,-122.4250031,219.3000031,219.3000031,219.3000031,219.3000031,5,0.02,100,TRUE,CHARGING
,,,,,,,,,,,,,,
CHEVROLET,Bolt EV,2023,55630,37.81010056,-122.4250031,219.3000031,219.3000031,219.3000031,219.3000031,5,0.02,100,TRUE,CHARGING
,,,,,,,,,,,,,,
CHEVROLET,Bolt EV,2023,55630,37.81010056,-122.4250031,219.3000031,219.3000031,219.3000031,219.3000031,5,0.02,100,TRUE,CHARGING
,,,,,,,,,,,,,,
CHEVROLET,Bolt EV,2023,55630,37.81010056,-122.4250031,219.3000031,219.3000031,219.3000031,219.3000031,5,0.02,100,TRUE,CHARGING
,,,,,,,,,,,,,,
CHEVROLET,Bolt EV,2023,55630,37.81010056,-122.4250031,219.3000031,219.3000031,219.3000031,219.3000031,5,0.02,100,TRUE,CHARGING
,,,,,,,,,,,,,,
CHEVROLET,Bolt EV,2023,55000,37.41949844,-122.0929031,219.3000031,219.3000031,219.3000031,219.3000031,320,1,100,TRUE,FULLY_CHARGED
,,,,,,,,,,,,,,
CHEVROLET,Bolt EV,2023,55000,37.41949844,-122.0929031,219.3000031,219.3000031,219.3000031,219.3000031,320,1,100,TRUE,FULLY_CHARGED
,,,,,,,,,,,,,,
CHEVROLET,Bolt EV,2023,55000,37.41949844,-122.0929031,219.3000031,219.3000031,219.3000031,219.3000031,320,1,100,TRUE,FULLY_CHARGED
,,,,,,,,,,,,,,
CHEVROLET,Bolt EV,2023,55000,37.41949844,-122.0929031,219.3000031,219.3000031,219.3000031,219.3000031,320,1,100,TRUE,FULLY_CHARGED
,,,,,,,,,,,,,,
CHEVROLET,Bolt EV,2023,55000,37.41949844,-122.0929031,219.3000031,219.3000031,219.3000031,219.3000031,320,1,100,TRUE,FULLY_CHARGED
,,,,,,,,,,,,,,
CHEVROLET,Bolt EV,2023,55000,37.41949844,-122.0929031,219.3000031,219.3000031,219.3000031,219.3000031,320,1,100,TRUE,FULLY_CHARGED
,,,,,,,,,,,,,,
CHEVROLET,Bolt EV,2023,55000,37.41949844,-122.0929031,219.3000031,219.3000031,219.3000031,219.3000031,320,1,100,TRUE,FULLY_CHARGED
,,,,,,,,,,,,,,
CHEVROLET,Bolt EV,2023,55000,37.41949844,-122.0929031,219.3000031,219.3000031,219.3000031,219.3000031,320,1,100,TRUE,FULLY_CHARGED
,,,,,,,,,,,,,,
CHEVROLET,Bolt EV,2023,55000,37.41949844,-122.0929031,219.3000031,219.3000031,219.3000031,219.3000031,320,1,100,TRUE,FULLY_CHARGED
,,,,,,,,,,,,,,
CHEVROLET,Bolt EV,2023,55000,37.41949844,-122.0929031,219.3000031,219.3000031,219.3000031,219.3000031,320,1,100,TRUE,FULLY_CHARGED
,,,,,,,,,,,,,,
CHEVROLET,Bolt EV,2023,55000,37.41949844,-122.0929031,219.3000031,219.3000031,219.3000031,219.3000031,320,1,100,TRUE,FULLY_CHARGED
,,,,,,,,,,,,,,
CHEVROLET,Bolt EV,2023,55000,37.41949844,-122.0929031,219.3000031,219.3000031,219.3000031,219.3000031,320,1,100,TRUE,FULLY_CHARGED
,,,,,,,,,,,,,,
CHEVROLET,Bolt EV,2023,55000,37.41949844,-122.0929031,219.3000031,219.3000031,219.3000031,219.3000031,320,1,100,TRUE,FULLY_CHARGED
,,,,,,,,,,,,,,
CHEVROLET,Bolt EV,2023,55000,37.41949844,-122.0929031,219.3000031,219.3000031,219.3000031,219.3000031,318.7,1,100,FALSE,NOT_CHARGING
,,,,,,,,,,,,,,
CHEVROLET,Bolt EV,2023,55040,37.38819885,-122.2655029,219.3000031,219.3000031,219.3000031,219.3000031,280,0.88,100,FALSE,NOT_CHARGING
,,,,,,,,,,,,,,
CHEVROLET,Bolt EV,2023,55040,37.38819885,-122.2655029,219.3000031,219.3000031,219.3000031,219.3000031,280,0.88,100,FALSE,NOT_CHARGING
,,,,,,,,,,,,,,
CHEVROLET,Bolt EV,2023,55040,37.38819885,-122.2655029,219.3000031,219.3000031,219.3000031,219.3000031,280,0.88,100,FALSE,NOT_CHARGING
,,,,,,,,,,,,,,
CHEVROLET,Bolt EV,2023,55040,37.38819885,-122.2655029,219.3000031,219.3000031,219.3000031,219.3000031,280,0.88,100,FALSE,NOT_CHARGING
,,,,,,,,,,,,,,
CHEVROLET,Bolt EV,2023,55040,37.38819885,-122.2655029,219.3000031,219.3000031,219.3000031,219.3000031,280,0.88,100,FALSE,NOT_CHARGING
,,,,,,,,,,,,,,
CHEVROLET,Bolt EV,2023,55040,37.38819885,-122.2655029,219.3000031,219.3000031,219.3000031,219.3000031,280,0.88,100,FALSE,NOT_CHARGING
,,,,,,,,,,,,,,
CHEVROLET,Bolt EV,2023,55040,37.38819885,-122.2655029,219.3000031,219.3000031,219.3000031,219.3000031,280,0.88,100,FALSE,NOT_CHARGING
,,,,,,,,,,,,,,
CHEVROLET,Bolt EV,2023,55040,37.38819885,-122.2655029,219.3000031,219.3000031,219.3000031,219.3000031,280,0.88,100,FALSE,NOT_CHARGING
,,,,,,,,,,,,,,
CHEVROLET,Bolt EV,2023,55040,37.38819885,-122.2655029,219.3000031,219.3000031,219.3000031,219.3000031,280,0.88,100,FALSE,NOT_CHARGING
,,,,,,,,,,,,,,
CHEVROLET,Bolt EV,2023,55040,37.38819885,-122.2655029,219.3000031,219.3000031,219.3000031,219.3000031,280,0.88,100,FALSE,NOT_CHARGING
,,,,,,,,,,,,,,
CHEVROLET,Bolt EV,2023,55040,37.38819885,-122.2655029,219.3000031,219.3000031,219.3000031,219.3000031,280,0.88,100,FALSE,NOT_CHARGING
,,,,,,,,,,,,,,
CHEVROLET,Bolt EV,2023,55040,37.38819885,-122.2655029,219.3000031,219.3000031,219.3000031,219.3000031,280,0.88,100,FALSE,NOT_CHARGING
,,,,,,,,,,,,,,
CHEVROLET,Bolt EV,2023,55040,37.38819885,-122.2655029,219.3000031,219.3000031,219.3000031,219.3000031,280,0.88,100,FALSE,NOT_CHARGING
,,,,,,,,,,,,,,
CHEVROLET,Bolt EV,2023,55040,37.38819885,-122.2655029,219.3000031,219.3000031,219.3000031,219.3000031,280,0.88,100,FALSE,NOT_CHARGING
,,,,,,,,,,,,,,
CHEVROLET,Bolt EV,2023,55040,37.38819885,-122.2655029,219.3000031,219.3000031,219.3000031,219.3000031,280,0.88,100,FALSE,NOT_CHARGING
,,,,,,,,,,,,,,
CHEVROLET,Bolt EV,2023,55040,37.38819885,-122.2655029,219.3000031,219.3000031,219.3000031,219.3000031,280,0.88,100,FALSE,NOT_CHARGING
,,,,,,,,,,,,,,
CHEVROLET,Bolt EV,2023,55040,37.38819885,-122.2655029,219.3000031,219.3000031,219.3000031,219.3000031,280,0.88,100,FALSE,NOT_CHARGING
,,,,,,,,,,,,,,
CHEVROLET,Bolt EV,2023,55040,37.38819885,-122.2655029,219.3000031,219.3000031,219.3000031,219.3000031,280,0.88,100,FALSE,NOT_CHARGING
,,,,,,,,,,,,,,
CHEVROLET,Bolt EV,2023,55040,37.38819885,-122.2655029,219.3000031,219.3000031,219.3000031,219.3000031,280,0.88,100,FALSE,NOT_CHARGING
,,,,,,,,,,,,,,
CHEVROLET,Bolt EV,2023,55040,37.38819885,-122.2655029,219.3000031,219.3000031,219.3000031,219.3000031,280,0.88,100,FALSE,NOT_CHARGING
,,,,,,,,,,,,,,
CHEVROLET,Bolt EV,2023,55040,37.38819885,-122.2655029,219.3000031,219.3000031,219.3000031,219.3000031,280,0.88,100,FALSE,NOT_CHARGING
,,,,,,,,,,,,,,
CHEVROLET,Bolt EV,2023,55040,37.38819885,-122.2655029,219.3000031,219.3000031,219.3000031,219.3000031,280,0.88,100,FALSE,NOT_CHARGING
,,,,,,,,,,,,,,
CHEVROLET,Bolt EV,2023,55040,37.38819885,-122.2655029,219.3000031,219.3000031,219.3000031,219.3000031,280,0.88,100,FALSE,NOT_CHARGING
,,,,,,,,,,,,,,
CHEVROLET,Bolt EV,2023,55040,37.38819885,-122.2655029,219.3000031,219.3000031,219.3000031,219.3000031,280,0.88,100,FALSE,NOT_CHARGING
,,,,,,,,,,,,,,
CHEVROLET,Bolt EV,2023,55040,37.38819885,-122.2655029,219.3000031,219.3000031,219.3000031,219.3000031,280,0.88,100,FALSE,NOT_CHARGING
,,,,,,,,,,,,,,
CHEVROLET,Bolt EV,2023,55040,37.38819885,-122.2655029,219.3000031,219.3000031,219.3000031,219.3000031,280,0.88,100,FALSE,NOT_CHARGING
,,,,,,,,,,,,,,
CHEVROLET,Bolt EV,2023,55040,37.38819885,-122.2655029,219.3000031,219.3000031,219.3000031,219.3000031,280,0.88,100,FALSE,NOT_CHARGING
,,,,,,,,,,,,,,
CHEVROLET,Bolt EV,2023,55040,37.38819885,-122.2655029,219.3000031,219.3000031,219.3000031,219.3000031,280,0.88,100,FALSE,NOT_CHARGING
,,,,,,,,,,,,,,
CHEVROLET,Bolt EV,2023,55040,37.38819885,-122.2655029,219.3000031,219.3000031,219.3000031,219.3000031,280,0.88,100,FALSE,NOT_CHARGING
,,,,,,,,,,,,,,
CHEVROLET,Bolt EV,2023,55040,37.38819885,-122.2655029,219.3000031,219.3000031,219.3000031,219.3000031,280,0.88,100,FALSE,NOT_CHARGING
,,,,,,,,,,,,,,
CHEVROLET,Bolt EV,2023,55040,37.38819885,-122.2655029,219.3000031,219.3000031,219.3000031,219.3000031,280,0.88,100,FALSE,NOT_CHARGING
,,,,,,,,,,,,,,
CHEVROLET,Bolt EV,2023,55040,37.38819885,-122.2655029,219.3000031,219.3000031,219.3000031,219.3000031,280,0.88,100,FALSE,NOT_CHARGING
,,,,,,,,,,,,,,
CHEVROLET,Bolt EV,2023,55040,37.38819885,-122.2655029,219.3000031,219.3000031,219.3000031,219.3000031,280,0.88,100,FALSE,NOT_CHARGING
,,,,,,,,,,,,,,
CHEVROLET,Bolt EV,2023,55040,37.38819885,-122.2655029,219.3000031,219.3000031,219.3000031,219.3000031,280,0.88,100,FALSE,NOT_CHARGING
,,,,,,,,,,,,,,
CHEVROLET,Bolt EV,2023,55040,37.38819885,-122.2655029,219.3000031,219.3000031,219.3000031,219.3000031,280,0.88,100,FALSE,NOT_CHARGING
,,,,,,,,,,,,,,
CHEVROLET,Bolt EV,2023,55040,37.38819885,-122.2655029,219.3000031,219.3000031,219.3000031,219.3000031,280,0.88,100,FALSE,NOT_CHARGING
,,,,,,,,,,,,,,
CHEVROLET,Bolt EV,2023,55040,37.38819885,-122.2655029,219.3000031,219.3000031,219.3000031,219.3000031,280,0.88,100,FALSE,NOT_CHARGING
,,,,,,,,,,,,,,
CHEVROLET,Bolt EV,2023,55040,37.38819885,-122.2655029,219.3000031,219.3000031,219.3000031,219.3000031,280,0.88,100,FALSE,NOT_CHARGING
,,,,,,,,,,,,,,
CHEVROLET,Bolt EV,2023,55040,37.38819885,-122.2655029,219.3000031,219.3000031,219.3000031,219.3000031,280,0.88,100,FALSE,NOT_CHARGING
,,,,,,,,,,,,,,
CHEVROLET,Bolt EV,2023,55040,37.38819885,-122.2655029,219.3000031,219.3000031,219.3000031,219.3000031,280,0.88,100,FALSE,NOT_CHARGING
,,,,,,,,,,,,,,
CHEVROLET,Bolt EV,2023,55040,37.38819885,-122.2655029,219.3000031,219.3000031,219.3000031,219.3000031,280,0.88,100,FALSE,NOT_CHARGING
,,,,,,,,,,,,,,
CHEVROLET,Bolt EV,2023,55040,37.38819885,-122.2655029,219.3000031,219.3000031,219.3000031,219.3000031,280,0.88,100,FALSE,NOT_CHARGING
,,,,,,,,,,,,,,
CHEVROLET,Bolt EV,2023,55040,37.38819885,-122.2655029,219.3000031,219.3000031,219.3000031,219.3000031,280,0.88,100,FALSE,NOT_CHARGING
,,,,,,,,,,,,,,
CHEVROLET,Bolt EV,2023,55040,37.38819885,-122.2655029,219.3000031,219.3000031,219.3000031,219.3000031,280,0.88,100,FALSE,NOT_CHARGING
,,,,,,,,,,,,,,
CHEVROLET,Bolt EV,2023,55040,37.38819885,-122.2655029,219.3000031,219.3000031,219.3000031,219.3000031,280,0.88,100,FALSE,NOT_CHARGING
,,,,,,,,,,,,,,
CHEVROLET,Bolt EV,2023,55040,37.38819885,-122.2655029,219.3000031,219.3000031,219.3000031,219.3000031,280,0.88,100,FALSE,NOT_CHARGING
,,,,,,,,,,,,,,
CHEVROLET,Bolt EV,2023,55040,37.38819885,-122.2655029,219.3000031,219.3000031,219.3000031,219.3000031,280,0.88,100,FALSE,NOT_CHARGING
,,,,,,,,,,,,,,
CHEVROLET,Bolt EV,2023,55040,37.38819885,-122.2655029,219.3000031,219.3000031,219.3000031,219.3000031,280,0.88,100,FALSE,NOT_CHARGING
,,,,,,,,,,,,,,
CHEVROLET,Bolt EV,2023,55040,37.38819885,-122.2655029,219.3000031,219.3000031,219.3000031,219.3000031,280,0.88,100,FALSE,NOT_CHARGING
,,,,,,,,,,,,,,
CHEVROLET,Bolt EV,2023,55040,37.38819885,-122.2655029,219.3000031,219.3000031,219.3000031,219.3000031,280,0.88,100,FALSE,NOT_CHARGING
,,,,,,,,,,,,,,
CHEVROLET,Bolt EV,2023,55040,37.38819885,-122.2655029,219.3000031,219.3000031,219.3000031,219.3000031,280,0.88,100,FALSE,NOT_CHARGING
,,,,,,,,,,,,,,
CHEVROLET,Bolt EV,2023,55040,37.38819885,-122.2655029,219.3000031,219.3000031,219.3000031,219.3000031,280,0.88,100,FALSE,NOT_CHARGING
,,,,,,,,,,,,,,
CHEVROLET,Bolt EV,2023,55040,37.38819885,-122.2655029,219.3000031,219.3000031,219.3000031,219.3000031,280,0.88,100,FALSE,NOT_CHARGING
,,,,,,,,,,,,,,
CHEVROLET,Bolt EV,2023,55040,37.38819885,-122.2655029,219.3000031,219.3000031,219.3000031,219.3000031,280,0.88,100,FALSE,NOT_CHARGING
,,,,,,,,,,,,,,
CHEVROLET,Bolt EV,2023,55040,37.38819885,-122.2655029,219.3000031,219.3000031,219.3000031,219.3000031,280,0.88,100,FALSE,NOT_CHARGING
,,,,,,,,,,,,,,
CHEVROLET,Bolt EV,2023,55041.32813,37.38819885,-122.2655029,219.3000031,219.3000031,219.3000031,219.3000031,277.3,0.87,100,FALSE,NOT_CHARGING
,,,,,,,,,,,,,,
CHEVROLET,Bolt EV,2023,55044,37.38819885,-122.2655029,219.3000031,219.3000031,219.3000031,219.3000031,276,0.87,100,FALSE,NOT_CHARGING
,,,,,,,,,,,,,,
CHEVROLET,Bolt EV,2023,55056,37.38819885,-122.2655029,219.3000031,219.3000031,219.3000031,219.3000031,264,0.83,100,FALSE,NOT_CHARGING
,,,,,,,,,,,,,,
CHEVROLET,Bolt EV,2023,55056,37.38819885,-122.2655029,219.3000031,219.3000031,219.3000031,219.3000031,264,0.83,100,FALSE,NOT_CHARGING
,,,,,,,,,,,,,,
CHEVROLET,Bolt EV,2023,55056,37.38819885,-122.2655029,219.3000031,219.3000031,219.3000031,219.3000031,264,0.83,100,FALSE,NOT_CHARGING
,,,,,,,,,,,,,,
CHEVROLET,Bolt EV,2023,55056,37.38819885,-122.2655029,219.3000031,219.3000031,219.3000031,219.3000031,264,0.83,100,FALSE,NOT_CHARGING
,,,,,,,,,,,,,,
CHEVROLET,Bolt EV,2023,55056,37.38819885,-122.2655029,219.3000031,219.3000031,219.3000031,219.3000031,264,0.83,100,FALSE,NOT_CHARGING
,,,,,,,,,,,,,,
CHEVROLET,Bolt EV,2023,55056,37.38819885,-122.2655029,219.3000031,219.3000031,219.3000031,219.3000031,264,0.83,100,FALSE,NOT_CHARGING
,,,,,,,,,,,,,,
CHEVROLET,Bolt EV,2023,55056,37.38819885,-122.2655029,219.3000031,219.3000031,219.3000031,219.3000031,264,0.83,100,FALSE,NOT_CHARGING
,,,,,,,,,,,,,,
CHEVROLET,Bolt EV,2023,55056,37.38819885,-122.2655029,219.3000031,219.3000031,219.3000031,219.3000031,264,0.83,100,FALSE,NOT_CHARGING
,,,,,,,,,,,,,,
CHEVROLET,Bolt EV,2023,55056,37.38819885,-122.2655029,219.3000031,219.3000031,219.3000031,219.3000031,264,0.83,100,FALSE,NOT_CHARGING
,,,,,,,,,,,,,,
CHEVROLET,Bolt EV,2023,55056,37.38819885,-122.2655029,219.3000031,219.3000031,219.3000031,219.3000031,264,0.83,100,FALSE,NOT_CHARGING
,,,,,,,,,,,,,,
CHEVROLET,Bolt EV,2023,55056,37.38819885,-122.2655029,219.3000031,219.3000031,219.3000031,219.3000031,264,0.83,100,FALSE,NOT_CHARGING
,,,,,,,,,,,,,,
CHEVROLET,Bolt EV,2023,55062.67188,37.38819885,-122.2655029,219.3000031,219.3000031,219.3000031,219.3000031,257.3,0.81,100,FALSE,NOT_CHARGING
,,,,,,,,,,,,,,
CHEVROLET,Bolt EV,2023,55065.32813,37.38819885,-122.2655029,219.3000031,219.3000031,219.3000031,219.3000031,254.7,0.8,100,FALSE,NOT_CHARGING
,,,,,,,,,,,,,,
CHEVROLET,Bolt EV,2023,55066.67188,37.38819885,-122.2655029,219.3000031,219.3000031,219.3000031,219.3000031,252,0.79,100,FALSE,NOT_CHARGING
,,,,,,,,,,,,,,
CHEVROLET,Bolt EV,2023,55069.32813,37.38819885,-122.2655029,219.3000031,219.3000031,219.3000031,219.3000031,249.3,0.78,100,FALSE,NOT_CHARGING
,,,,,,,,,,,,,,
CHEVROLET,Bolt EV,2023,55080,37.41949844,-122.0929031,219.3000031,219.3000031,219.3000031,219.3000031,240,0.75,100,TRUE,CHARGING
,,,,,,,,,,,,,,
CHEVROLET,Bolt EV,2023,55080,37.41949844,-122.0929031,219.3000031,219.3000031,219.3000031,219.3000031,240,0.75,100,TRUE,CHARGING
,,,,,,,,,,,,,,
CHEVROLET,Bolt EV,2023,55080,37.41949844,-122.0929031,219.3000031,219.3000031,219.3000031,219.3000031,240,0.75,100,TRUE,CHARGING
,,,,,,,,,,,,,,
CHEVROLET,Bolt EV,2023,55080,37.41949844,-122.0929031,219.3000031,219.3000031,219.3000031,219.3000031,240,0.75,100,TRUE,CHARGING
,,,,,,,,,,,,,,
CHEVROLET,Bolt EV,2023,55080,37.41949844,-122.0929031,219.3000031,219.3000031,219.3000031,219.3000031,240,0.75,100,TRUE,CHARGING
